,No,smiles
0,C411,c1cc2c(cc1)c1c(ccc(c1)C#N)c1c2cccc1
1,C412,c1cc2c(cc1)c1c(cccc1)c1c2cccc1C#N
2,C421,c1cc2c(cc1)c1c(c(cc3ccccc13)C#N)cc2
3,C422,c1cc2c(cc1)c1c(cc(c3ccccc13)C#N)cc2
4,C423,c1cc2c(cc1)c1c(ccc3c(cccc13)C#N)cc2
5,C424,c1cc2c(cc1)c1c(ccc3cc(ccc13)C#N)cc2
6,C425,c1cc2c(cc1)c1c(ccc3ccc(cc13)C#N)cc2
7,C426,c1cc2c(cc1)c1c(ccc3cccc(c13)C#N)cc2
8,C431,c1ccc2c(c1)c1c(cc2)c2c(cc1C#N)cccc2
9,C432,c1ccc2c(c1)c1c(cc2)c2c(c(c1)C#N)cccc2
10,C433,c1ccc2c(c1)c1c(cc2)c2c(cc1)c(ccc2)C#N
11,C434,c1ccc2c(c1)c1c(cc2)c2c(cc1)cc(cc2)C#N
12,C435,c1ccc2c(c1)c1c(cc2)c2c(cc1)ccc(c2)C#N
13,C436,c1ccc2c(c1)c1c(cc2)c2c(cc1)cccc2C#N
14,C441,c12c(cc3c(c1)c1c(cc3)cccc1C#N)cccc2
15,C4410,c12c(cc3c(c1)c1c(cc3)cccc1)ccc(c2)C#N
16,C4411,c12c(cc3c(c1)c1c(cc3)cccc1)cccc2C#N
17,C4412,c12c(cc3c(c1C#N)c1c(cc3)cccc1)cccc2
18,C442,c12c(cc3c(c1)c1c(cc3)ccc(c1)C#N)cccc2
19,C443,c12c(cc3c(c1)c1c(cc3)cc(cc1)C#N)cccc2
20,C444,c12c(cc3c(c1)c1c(cc3)c(ccc1)C#N)cccc2
21,C445,c12c(cc3c(c1)c1c(c(c3)C#N)cccc1)cccc2
22,C446,c12c(cc3c(c1)c1c(cc3C#N)cccc1)cccc2
23,C447,c12c(c(c3c(c1)c1c(cc3)cccc1)C#N)cccc2
24,C448,c12c(cc3c(c1)c1c(cc3)cccc1)c(ccc2)C#N
25,C449,c12c(cc3c(c1)c1c(cc3)cccc1)cc(cc2)C#N
26,C451,c1ccc2c(c1)cc1c(c2)cc2c(c1)c(ccc2)C#N
27,C452,c1ccc2c(c1)cc1c(c2)cc2c(c1)cc(cc2)C#N
28,C455,c1ccc2c(c1)cc1c(c2)cc2c(c1C#N)cccc2
29,C51.1,c1cc2c(cc1)c1c(cc2C#N)c2c(ccc3c2cccc3)cc1
30,C51.10,c1cc2c(cc1)c1c(cc2)c2c(ccc3c2cccc3C#N)cc1
31,C51.11,c1cc2c(cc1)c1c(cc2)c2c(ccc3c2ccc(c3)C#N)cc1
32,C51.13,c1cc2c(cc1)c1c(cc2)c2c(ccc3c2c(ccc3)C#N)cc1
33,C51.14,c1cc2c(cc1)c1c(c(c2)C#N)c2c(ccc3c2cccc3)cc1
34,C51.2,c1c(c2c(cc1)c1c(cc2)c2c(ccc3c2cccc3)cc1)C#N
35,C51.3,c1(cc2c(cc1)c1c(cc2)c2c(ccc3c2cccc3)cc1)C#N
36,C51.4,c1cc2c(cc1C#N)c1c(cc2)c2c(ccc3c2cccc3)cc1
37,C51.5,c1cc2c(c(c1)C#N)c1c(cc2)c2c(ccc3c2cccc3)cc1
38,C51.6,c1cc2c(cc1)c1c(cc2)c2c(ccc3c2cccc3)cc1C#N
39,C51.7,c1cc2c(cc1)c1c(cc2)c2c(ccc3c2cccc3)c(c1)C#N
40,C51.8,c1cc2c(cc1)c1c(cc2)c2c(c(cc3c2cccc3)C#N)cc1
41,C51.9,c1cc2c(cc1)c1c(cc2)c2c(cc(c3c2cccc3)C#N)cc1
42,C5101,c1ccc2c(c1)cc1c(c2)ccc2c1c(cc1c2cccc1)C#N
43,C51010,c1cc(c2c(c1)cc1c(c2)ccc2c1ccc1c2cccc1)C#N
44,C51011,c1c(cc2c(c1)cc1c(c2)ccc2c1ccc1c2cccc1)C#N
45,C51012,c1(ccc2c(c1)cc1c(c2)ccc2c1ccc1c2cccc1)C#N
46,C51013,c1ccc2c(c1C#N)cc1c(c2)ccc2c1ccc1c2cccc1
47,C51014,c1ccc2c(c1)c(c1c(c2)ccc2c1ccc1c2cccc1)C#N
48,C5102,c1ccc2c(c1)cc1c(c2)ccc2c1cc(c1c2cccc1)C#N
49,C5103,c1ccc2c(c1)cc1c(c2)ccc2c1ccc1c2cccc1C#N
50,C5104,c1ccc2c(c1)cc1c(c2)ccc2c1ccc1c2ccc(c1)C#N
51,C5105,c1ccc2c(c1)cc1c(c2)ccc2c1ccc1c2cc(cc1)C#N
52,C5106,c1ccc2c(c1)cc1c(c2)ccc2c1ccc1c2c(ccc1)C#N
53,C5107,c1ccc2c(c1)cc1c(c2)cc(c2c1ccc1c2cccc1)C#N
54,C5108,c1ccc2c(c1)cc1c(c2)c(cc2c1ccc1c2cccc1)C#N
55,C5109,c1ccc2c(c1)cc1c(c2C#N)ccc2c1ccc1c2cccc1
56,C5111,c12c(cc3c(c1)c1c(cc3)cccc1C#N)cc1c(c2)cccc1
57,C51110,c12c(cc3c(c1)c1c(cc3)cccc1)cc1c(c2)ccc(c1)C#N
58,C51111,c12c(cc3c(c1)c1c(cc3)cccc1)cc1c(c2)cc(cc1)C#N
59,C51112,c12c(cc3c(c1)c1c(cc3)cccc1)cc1c(c2)c(ccc1)C#N
60,C51113,c12c(cc3c(c1)c1c(cc3)cccc1)cc1c(c2C#N)cccc1
61,C51114,c12c(cc3c(c1C#N)c1c(cc3)cccc1)cc1c(c2)cccc1
62,C5112,c12c(cc3c(c1)c1c(cc3)ccc(c1)C#N)cc1c(c2)cccc1
63,C5113,c12c(cc3c(c1)c1c(cc3)cc(cc1)C#N)cc1c(c2)cccc1
64,C5115,c12c(cc3c(c1)c1c(c(c3)C#N)cccc1)cc1c(c2)cccc1
65,C5116,c12c(cc3c(c1)c1c(cc3C#N)cccc1)cc1c(c2)cccc1
66,C5117,c12c(c(c3c(c1)c1c(cc3)cccc1)C#N)cc1c(c2)cccc1
67,C5118,c12c(cc3c(c1)c1c(cc3)cccc1)c(c1c(c2)cccc1)C#N
68,C5119,c12c(cc3c(c1)c1c(cc3)cccc1)cc1c(c2)cccc1C#N
69,C5121,c1ccc2c(c1)cc1c(c2)cc2c(c1)cc1c(c2)cccc1C#N
70,C5122,c1ccc2c(c1)cc1c(c2)cc2c(c1)cc1c(c2)cc(cc1)C#N
71,C5125,c1ccc2c(c1)cc1c(c2)cc2c(c1)c(c1c(c2)cccc1)C#N
72,C5126,c1ccc2c(c1)cc1c(c2)cc2c(c1C#N)cc1c(c2)cccc1
73,C521,c1cc2c(cc1)c1c(cc2)ccc2c1c1c(cccc1C#N)cc2
74,C522,c1cc2c(cc1)c1c(cc2)ccc2c1c1c(ccc(c1)C#N)cc2
75,C523,c1cc2c(cc1)c1c(cc2)ccc2c1c1c(cc(cc1)C#N)cc2
76,C524,c1cc2c(cc1)c1c(cc2)ccc2c1c1c(c(ccc1)C#N)cc2
77,C525,c1cc2c(cc1)c1c(cc2)ccc2c1c1c(cccc1)c(c2)C#N
78,C526,c1cc2c(cc1)c1c(cc2)ccc2c1c1c(cccc1)cc2C#N
79,C527,c1cc2c(cc1)c1c(cc2)cc(c2c1c1c(cccc1)cc2)C#N
80,C531,c1cc2c(cc1)c1c(cc2)c2c(c(c1)C#N)c1c(cccc1)cc2
81,C532,c1cc2c(cc1)c1c(cc2)c2c(cc1)c1c(cccc1)c(c2)C#N
82,C533,c1cc2c(cc1)c1c(cc2)c2c(cc1)c1c(c(ccc1)C#N)cc2
83,C534,c1cc2c(cc1)c1c(cc2)c2c(cc1)c1c(cc(cc1)C#N)cc2
84,C535,c1cc2c(cc1)c1c(cc2)c2c(cc1)c1c(ccc(c1)C#N)cc2
85,C536,c1cc2c(cc1)c1c(cc2)c2c(cc1)c1c(cccc1C#N)cc2
86,C537,c1cc2c(cc1)c1c(cc2)c2c(c(c1)C#N)c1c(cccc1)cc2
87,C541,c1cc2c(cc1)c1c(c(c2)C#N)c2ccccc2c2c1cccc2
88,C5410,c1cc2c(cc1)c1c(cc2)c2ccccc2c2c1cccc2C#N
89,C5411,c1cc2c(cc1)c1c(cc2)c2cccc(c2c2c1cccc2)C#N
90,C5412,c1cc2c(cc1)c1c(cc2)c2ccc(cc2c2c1cccc2)C#N
91,C5413,c1cc2c(cc1)c1c(cc2)c2ccc(cc2c2c1cccc2)C#N
92,C5414,c1cc2c(cc1)c1c(cc2)c2c(cccc2c2c1cccc2)C#N
93,C542,c1cc2c(cc1)c1c(cc2C#N)c2ccccc2c2c1cccc2
94,C544,c1(cc2c(cc1)c1c(cc2)c2ccccc2c2c1cccc2)C#N
95,C545,c1cc2c(cc1C#N)c1c(cc2)c2ccccc2c2c1cccc2
96,C546,c1cc2c(c(c1)C#N)c1c(cc2)c2ccccc2c2c1cccc2
97,C547,c1cc2c(cc1)c1c(cc2)c2ccccc2c2c1c(ccc2)C#N
98,C548,c1cc2c(cc1)c1c(cc2)c2ccccc2c2c1cc(cc2)C#N
99,C549,c1cc2c(cc1)c1c(cc2)c2ccccc2c2c1ccc(c2)C#N
100,C551,c1cc2c(c(c1)C#N)c1cc3c(ccc4ccccc34)cc1cc2
101,C552,c1cc2c(cc1C#N)c1cc3c(ccc4ccccc34)cc1cc2
102,C553,c1(cc2c(cc1)c1cc3c(ccc4ccccc34)cc1cc2)C#N
103,C554,c1c(c2c(cc1)c1cc3c(ccc4ccccc34)cc1cc2)C#N
104,C555,c1cc2c(cc1)c1cc3c(ccc4ccccc34)cc1cc2C#N
105,C556,c1cc2c(cc1)c1cc3c(ccc4ccccc34)cc1c(c2)C#N
106,C557,c1cc2c(cc1)c1cc3c(ccc4ccccc34)c(c1cc2)C#N
107,C558,c1cc2c(cc1)c1c(c3c(ccc4ccccc34)cc1cc2)C#N
108,C561,c1cc2cc3c(cc2cc1)c1c(cccc1)c1c(cccc31)C#N
109,C562,c1cc2cc3c(cc2cc1)c1c(cccc1)c1cc(ccc31)C#N
110,C563,c1cc2cc3c(cc2cc1)c1c(cccc1)c1ccc(cc31)C#N
111,C564,c1cc2cc3c(cc2cc1)c1c(cccc1)c1cccc(c31)C#N
112,C565,c1cc2c(c3c(cc2cc1)c1c(cccc1)c1ccccc31)C#N
113,C566,c1c(c2cc3c(cc2cc1)c1c(cccc1)c1ccccc31)C#N
114,C567,c1(cc2cc3c(cc2cc1)c1c(cccc1)c1ccccc31)C#N
115,C571,c1cc2c(c(c1)C#N)c1cc3c(cc1cc2)c1c(cccc1)cc3
116,C572,c1cc2c(cc1C#N)c1cc3c(cc1cc2)c1c(cccc1)cc3
117,C573,c1(cc2c(cc1)c1cc3c(cc1cc2)c1c(cccc1)cc3)C#N
118,C574,c1cc2c(cc1)c1cc3c(cc1cc2)c1c(c(ccc1)C#N)cc3
119,C575,c1cc2c(cc1)c1cc3c(cc1cc2C#N)c1c(cccc1)cc3
120,C576,c1cc2c(cc1)c1cc3c(cc1c(c2)C#N)c1c(cccc1)cc3
121,C577,c1cc2c(cc1)c1cc3c(c(c1cc2)C#N)c1c(cccc1)cc3
122,C581,c1cc2cc3c(cc2cc1)c1c(c2ccccc2cc1cc3)C#N
123,C582,c1cc2cc3c(cc2cc1)c1cc2c(cccc2cc1cc3)C#N
124,C583,c1cc2cc3c(cc2cc1)c1cc2cc(ccc2cc1cc3)C#N
125,C584,c1cc2cc3c(cc2cc1)c1cc2ccc(cc2cc1cc3)C#N
126,C585,c1cc2cc3c(cc2cc1)c1cc2cccc(c2cc1cc3)C#N
127,C586,c1cc2cc3c(cc2cc1)c1cc2ccccc2c(c1cc3)C#N
128,C587,c1cc2cc3c(cc2cc1)c1cc2ccccc2cc1c(c3)C#N
129,C591,c12c(cc3c(c1)c1c(cc3)ccc3c1c(ccc3)C#N)cccc2
130,C5910,c12c(cc3c(c1)c1c(cc3)ccc3c1cccc3)c(ccc2)C#N
131,C5912,c12c(cc3c(c1)c1c(cc3)ccc3c1cccc3)ccc(c2)C#N
132,C5913,c12c(cc3c(c1)c1c(cc3)ccc3c1cccc3)cccc2C#N
133,C5914,c12c(cc3c(c1C#N)c1c(cc3)ccc3c1cccc3)cccc2
134,C592,c12c(cc3c(c1)c1c(cc3)ccc3c1cc(cc3)C#N)cccc2
135,C593,c12c(cc3c(c1)c1c(cc3)ccc3c1ccc(c3)C#N)cccc2
136,C594,c12c(cc3c(c1)c1c(cc3)ccc3c1cccc3C#N)cccc2
137,C595,c12c(cc3c(c1)c1c(cc3)cc(c3c1cccc3)C#N)cccc2
138,C596,c12c(cc3c(c1)c1c(cc3)c(cc3c1cccc3)C#N)cccc2
139,C597,c12c(cc3c(c1)c1c(c(c3)C#N)ccc3c1cccc3)cccc2
140,C598,c12c(cc3c(c1)c1c(cc3C#N)ccc3c1cccc3)cccc2
141,C599,c12c(c(c3c(c1)c1c(cc3)ccc3c1cccc3)C#N)cccc2
142,C61.1,c1ccc2c(c1)cc1c(c2)cc2c(c1)cc1c(c2)cc2c(c1)c(ccc2)C#N
143,C61.2,c1ccc2c(c1)cc1c(c2)cc2c(c1)cc1c(c2)cc2c(c1)cc(cc2)C#N
144,C61.5,c1ccc2c(c1)cc1c(c2)cc2c(c1)cc1c(c2)cc2c(c1C#N)cccc2
145,C61.6,c1ccc2c(c1)cc1c(c2)cc2c(c1)c(c1c(c2)cc2c(c1)cccc2)C#N
146,C61011,c12c(cc3c(c1)c1c(cc3)ccc3c1cccc3)cc1c(c2)cccc1C#N
147,C6107,c12c(cc3c(c1)c1c(c(c3)C#N)ccc3c1cccc3)cc1c(c2)cccc1
148,C6108,c12c(cc3c(c1)c1c(cc3C#N)ccc3c1cccc3)cc1c(c2)cccc1
149,C6111,c1cc2c(cc1)c1cc3cc4c(c(c3cc1cc2)C#N)c1c(cccc1)cc4
150,C6113,c1cc2c(cc1)c1cc3cc4c(cc3cc1cc2)c1c(ccc(c1)C#N)cc4
151,C6115,c1cc2c(cc1)c1cc3cc4c(cc3cc1cc2)c1c(c(ccc1)C#N)cc4
152,C6116,c1cc2c(cc1)c1cc3cc4c(cc3cc1cc2)c1c(cccc1)c(c4)C#N
153,C6117,c1cc2c(cc1)c1cc3cc4c(cc3cc1cc2)c1c(cccc1)cc4C#N
154,C6118,c1cc2c(cc1)c1cc3c(c4c(cc3cc1cc2)c1c(cccc1)cc4)C#N
155,C6125,c1c(c2cc3c(cc2cc1)c1c(cc3)ccc2c1cc1ccccc1c2)C#N
156,C6127,c1cc2cc3c(cc2cc1)c1c(cc3C#N)ccc2c1cc1ccccc1c2
157,C6128,c1cc2cc3c(cc2cc1)c1c(c(c3)C#N)ccc2c1cc1ccccc1c2
158,C6131,c1cc2cc3cc4c(cc3cc2cc1)c1c(cccc1)c1c(cccc41)C#N
159,C6137,c1c(c2cc3cc4c(cc3cc2cc1)c1c(cccc1)c1ccccc41)C#N
160,C61411,c1c(c2c(cc1)cc1c(ccc3c1cc1ccc4c(cccc4)c1c3)c2)C#N
161,C61416,c1cc2c(cc1)cc1c(ccc3c1c(c1ccc4c(cccc4)c1c3)C#N)c2
162,C6143,c1cc2c(cc1)cc1c(ccc3c1cc1ccc4c(cccc4C#N)c1c3)c2
163,C6144,c1cc2c(cc1)cc1c(ccc3c1cc1ccc4c(ccc(c4)C#N)c1c3)c2
164,C6147,c1cc2c(cc1)cc1c(ccc3c1cc1ccc4c(cccc4)c1c3C#N)c2
165,C6148,c1cc2c(cc1)cc1c(cc(c3c1cc1ccc4c(cccc4)c1c3)C#N)c2
166,C6149,c1cc2c(cc1)cc1c(c(cc3c1cc1ccc4c(cccc4)c1c3)C#N)c2
167,C61516,c1cc2c(cc1)c1c(c3c(ccc4cc5ccccc5cc34)cc1cc2)C#N
168,C6155,c1cc2c(cc1)c1cc3c(ccc4cc5c(cccc5cc34)C#N)cc1cc2
169,C6156,c1cc2c(cc1)c1cc3c(ccc4c(c5ccccc5cc34)C#N)cc1cc2
170,C6157,c1cc2c(cc1)c1cc3c(cc(c4cc5ccccc5cc34)C#N)cc1cc2
171,C6158,c1cc2c(cc1)c1cc3c(c(cc4cc5ccccc5cc34)C#N)cc1cc2
172,C6159,c1cc2c(cc1)c1cc3c(ccc4cc5ccccc5cc34)c(c1cc2)C#N
173,C6161,c1cc2c(cc1)c1c(c3ccccc23)c2c(c(ccc2)C#N)c2c1cccc2
174,C6163,c1cc2c(cc1)c1c(c3ccccc23)c2c(ccc(c2)C#N)c2c1cccc2
175,C6164,c1cc2c(cc1)c1c(c3ccccc23)c2c(cccc2C#N)c2c1cccc2
176,C6171,c1cc2cc3c(cc2cc1)c1c(cccc1)c1c(c2c(cccc2)cc31)C#N
177,C6172,c1cc2cc3c(cc2cc1)c1c(c(ccc1)C#N)c1cc2c(cccc2)cc31
178,C6173,c1cc2cc3c(cc2c(c1)C#N)c1c(cccc1)c1cc2c(cccc2)cc31
179,C6175,c1cc2cc3c(cc2cc1)c1c(ccc(c1)C#N)c1cc2c(cccc2)cc31
180,C6181,c1cc2cc3c(cc2cc1)c1c(c(c3)C#N)c2c(cccc2)c2ccccc12
181,C6183,c1c(c2cc3c(cc2cc1)c1c(cc3)c2c(cccc2)c2ccccc12)C#N
182,C6184,c1(cc2cc3c(cc2cc1)c1c(cc3)c2c(cccc2)c2ccccc12)C#N
183,C6185,c1cc2cc3c(c(c2cc1)C#N)c1c(cc3)c2c(cccc2)c2ccccc12
184,C6186,c1cc2cc3c(cc2cc1)c1c(cc3)c2c(cccc2)c2cccc(c12)C#N
185,C6187,c1cc2cc3c(cc2cc1)c1c(cc3)c2c(c(ccc2)C#N)c2ccccc12
186,C6188,c1cc2cc3c(cc2cc1)c1c(cc3)c2c(cc(cc2)C#N)c2ccccc12
187,C6189,c1cc2cc3c(cc2cc1)c1c(cc3)c2c(cccc2C#N)c2ccccc12
188,C6191,c1cc2c(cc1)c1c(cc2)c2c(c(c1)C#N)c1c(cccc1)c1ccccc21
189,C61910,c1(cc2c(cc1)c1c(cc2)c2c(cc1)c1c(cccc1)c1ccccc21)C#N
190,C61911,c1cc2c(c(c1)C#N)c1c(cc2)c2c(cc1)c1c(cccc1)c1ccccc21
191,C61912,c1cc2c(cc1)c1c(cc2)c2c(cc1C#N)c1c(cccc1)c1ccccc21
192,C6192,c1cc2c(cc1)c1c(cc2)c2c(cc1)c1c(cccc1C#N)c1ccccc21
193,C6193,c1cc2c(cc1)c1c(cc2)c2c(cc1)c1c(ccc(c1)C#N)c1ccccc21
194,C6194,c1cc2c(cc1)c1c(cc2)c2c(cc1)c1c(c(ccc1)C#N)c1ccccc21
195,C6195,c1cc2c(cc1)c1c(cc2)c2c(cc1)c1c(cccc1)c1c(cccc21)C#N
196,C6196,c1cc2c(cc1)c1c(cc2)c2c(cc1)c1c(cccc1)c1ccc(cc21)C#N
197,C6197,c1cc2c(cc1)c1c(cc2)c2c(cc1)c1c(cccc1)c1cccc(c21)C#N
198,C6198,c1cc2c(cc1)c1c(c(c2)C#N)c2c(cc1)c1c(cccc1)c1ccccc21
199,C6199,c1c(c2c(cc1)c1c(cc2)c2c(cc1)c1c(cccc1)c1ccccc21)C#N
200,C62.1,c12c(cc3c(c1)c1c(cc3)cccc1C#N)cc1c(c2)cc2c(c1)cccc2
201,C62.10,c12c(cc3c(c1)c1c(cc3)cccc1)cc1c(c2)cc2c(c1)c(ccc2)C#N
202,C62.11,c12c(cc3c(c1)c1c(cc3)cccc1)cc1c(c2)cc2c(c1)cc(cc2)C#N
203,C62.12,c12c(cc3c(c1)c1c(cc3)cccc1)cc1c(c2)cc2c(c1)ccc(c2)C#N
204,C62.13,c12c(cc3c(c1)c1c(cc3)cccc1)cc1c(c2)cc2c(c1)cccc2C#N
205,C62.14,c12c(cc3c(c1)c1c(cc3)cccc1)cc1c(c2)c(c2c(c1)cccc2)C#N
206,C62.15,c12c(cc3c(c1)c1c(cc3)cccc1)cc1c(c2C#N)cc2c(c1)cccc2
207,C62.16,c12c(cc3c(c1C#N)c1c(cc3)cccc1)cc1c(c2)cc2c(c1)cccc2
208,C62.2,c12c(cc3c(c1)c1c(cc3)ccc(c1)C#N)cc1c(c2)cc2c(c1)cccc2
209,C62.3,c12c(cc3c(c1)c1c(cc3)cc(cc1)C#N)cc1c(c2)cc2c(c1)cccc2
210,C62.4,c12c(cc3c(c1)c1c(cc3)c(ccc1)C#N)cc1c(c2)cc2c(c1)cccc2
211,C62.5,c12c(cc3c(c1)c1c(c(c3)C#N)cccc1)cc1c(c2)cc2c(c1)cccc2
212,C62.6,c12c(cc3c(c1)c1c(cc3C#N)cccc1)cc1c(c2)cc2c(c1)cccc2
213,C62.7,c12c(c(c3c(c1)c1c(cc3)cccc1)C#N)cc1c(c2)cc2c(c1)cccc2
214,C62.8,c12c(cc3c(c1)c1c(cc3)cccc1)c(c1c(c2)cc2c(c1)cccc2)C#N
215,C62.9,c12c(cc3c(c1)c1c(cc3)cccc1)cc1c(c2)cc2c(c1C#N)cccc2
216,C6201,c1cc2c(cc1)c1cc3c(cc1cc2C#N)c1c(cccc1)c1ccccc31
217,C62010,c1c(c2c(cc1)c1cc3c(cc1cc2)c1c(cccc1)c1ccccc31)C#N
218,C6202,c1cc2c(cc1)c1cc3c(cc1c(c2)C#N)c1c(cccc1)c1ccccc31
219,C6203,c1cc2c(cc1)c1cc3c(c(c1cc2)C#N)c1c(cccc1)c1ccccc31
220,C6204,c1cc2c(cc1)c1cc3c(cc1cc2)c1c(cccc1C#N)c1ccccc31
221,C6205,c1cc2c(cc1)c1cc3c(cc1cc2)c1c(ccc(c1)C#N)c1ccccc31
222,C6206,c1cc2c(cc1)c1cc3c(cc1cc2)c1c(c(ccc1)C#N)c1ccccc31
223,C6207,c1cc2c(cc1)c1cc3c(cc1cc2)c1c(cccc1)c1c(cccc31)C#N
224,C6208,c1cc2c(cc1)c1cc3c(cc1cc2)c1c(cccc1)c1cccc(c31)C#N
225,C6209,c1cc2c(cc1)c1c(c3c(cc1cc2)c1c(cccc1)c1ccccc31)C#N
226,C6211,c1cc2c(cc1)c1c(c3c(cc1cc2)c1c(cc3)c2c(cccc2)cc1)C#N
227,C6212,c1cc2c(cc1)c1cc3c(cc1cc2)c1c(cc3C#N)c2c(cccc2)cc1
228,C6213,c1cc2c(cc1)c1cc3c(cc1cc2)c1c(c(c3)C#N)c2c(cccc2)cc1
229,C6214,c1cc2c(cc1)c1cc3c(cc1cc2)c1c(cc3)c2c(ccc(c2)C#N)cc1
230,C6215,c1cc2c(cc1)c1cc3c(c(c1cc2)C#N)c1c(cc3)c2c(cccc2)cc1
231,C6216,c1cc2c(cc1)c1cc3c(cc1c(c2)C#N)c1c(cc3)c2c(cccc2)cc1
232,C6217,c1cc2c(cc1)c1cc3c(cc1cc2C#N)c1c(cc3)c2c(cccc2)cc1
233,C6218,c1cc2c(c(c1)C#N)c1cc3c(cc1cc2)c1c(cc3)c2c(cccc2)cc1
234,C6221,c1cc2c(cc1)c1c(cc2)c2c(c(cc3cc4ccccc4cc23)C#N)cc1
235,C6222,c1cc2c(cc1)c1c(cc2)c2c(cc(c3cc4ccccc4cc23)C#N)cc1
236,C6223,c1cc2c(cc1)c1c(cc2)c2c(ccc3c(c4ccccc4cc23)C#N)cc1
237,C6224,c1cc2c(cc1)c1c(cc2)c2c(ccc3cc4c(cccc4cc23)C#N)cc1
238,C6225,c1cc2c(cc1C#N)c1c(cc2)c2c(ccc3cc4ccccc4cc23)cc1
239,C6226,c1cc2c(cc1)c1c(c(c2)C#N)c2c(ccc3cc4ccccc4cc23)cc1
240,C6227,c1cc2c(cc1)c1c(cc2C#N)c2c(ccc3cc4ccccc4cc23)cc1
241,C6228,c1cc2c(cc1)c1c(cc2)c2c(ccc3cc4ccccc4cc23)cc1C#N
242,C6231,c1cc2c(cc1)c1cc3c(cc1cc2)c1c(ccc2c1cccc2)cc3C#N
243,C6232,c1cc2c(cc1)c1cc3c(cc1cc2)c1c(ccc2c1cccc2)c(c3)C#N
244,C6233,c1cc2c(cc1)c1cc3c(cc1cc2)c1c(c(cc2c1cccc2)C#N)cc3
245,C6234,c1cc2c(cc1)c1cc3c(cc1cc2)c1c(cc(c2c1cccc2)C#N)cc3
246,C6235,c1cc2c(cc1)c1cc3c(c(c1cc2)C#N)c1c(ccc2c1cccc2)cc3
247,C6236,c1cc2c(cc1)c1cc3c(cc1c(c2)C#N)c1c(ccc2c1cccc2)cc3
248,C6237,c1c(c2c(cc1)c1cc3c(cc1cc2)c1c(ccc2c1cccc2)cc3)C#N
249,C6238,c1cc2c(cc1)c1c(c3c(cc1cc2)c1c(ccc2c1cccc2)cc3)C#N
250,C6241,c1cc2c(c(c1)C#N)c1c3c4c(cccc4)ccc3c3ccccc3c1cc2
251,C6242,c1cc2c(cc1)c1c3c4c(ccc(c4)C#N)ccc3c3ccccc3c1cc2
252,C6243,c1cc2c(cc1)c1c3c4c(cccc4)c(cc3c3ccccc3c1cc2)C#N
253,C6244,c1cc2c(cc1)c1c3c4c(cccc4)cc(c3c3ccccc3c1cc2)C#N
254,C6245,c1cc2c(cc1)c1c3c4c(cccc4)ccc3c3c(cccc3c1cc2)C#N
255,C6246,c1cc2c(cc1)c1c3c4c(cccc4)ccc3c3cc(ccc3c1cc2)C#N
256,C6251,c1cc2c(cc1)c1c(cc2)cc(c2c1c1c(cccc1)c1ccccc21)C#N
257,C6252,c1cc2c(cc1)c1c(cc2)c(cc2c1c1c(cccc1)c1ccccc21)C#N
258,C6253,c1cc2c(cc1)c1c(cc2C#N)ccc2c1c1c(cccc1)c1ccccc21
259,C6254,c1c(c2c(cc1)c1c(cc2)ccc2c1c1c(cccc1)c1ccccc21)C#N
260,C6255,c1(cc2c(cc1)c1c(cc2)ccc2c1c1c(cccc1)c1ccccc21)C#N
261,C6256,c1cc2c(cc1)c1c(cc2)ccc2c1c1c(cccc1C#N)c1ccccc21
262,C6257,c1cc2c(cc1)c1c(cc2)ccc2c1c1c(ccc(c1)C#N)c1ccccc21
263,C6258,c1cc2c(cc1)c1c(cc2)ccc2c1c1c(cccc1)c1cccc(c21)C#N
264,C6259,c1cc2c(cc1)c1c(cc2)ccc2c1c1c(cccc1)c1ccc(cc21)C#N
265,C6261,c1cc2c(cc1)c1c(cc2)c2cc3ccc(cc3cc2c2c1cccc2)C#N
266,C6262,c1cc2c(cc1)c1c(cc2)c2cc3cccc(c3cc2c2c1cccc2)C#N
267,C6263,c1cc2c(cc1)c1c(cc2)c2cc3ccccc3c(c2c2c1cccc2)C#N
268,C6264,c1cc2c(cc1)c1c(cc2)c2cc3ccccc3cc2c2c1cccc2C#N
269,C6265,c1cc2c(cc1)c1c(cc2)c2cc3ccccc3cc2c2c1c(ccc2)C#N
270,C6266,c1cc2c(cc1C#N)c1c(cc2)c2cc3ccccc3cc2c2c1cccc2
271,C6267,c1cc2c(cc1)c1c(cc2C#N)c2cc3ccccc3cc2c2c1cccc2
272,C6268,c1cc2c(cc1)c1c(c(c2)C#N)c2cc3ccccc3cc2c2c1cccc2
273,C6271,c1cc2c(cc1)cc1c(cc(c3c1ccc1c3ccc3c1cccc3)C#N)c2
274,C6272,c1cc2c(cc1)cc1c(c(cc3c1ccc1c3ccc3c1cccc3)C#N)c2
275,C6273,c1cc2c(cc1)cc1c(ccc3c1ccc1c3ccc3c1cccc3)c2C#N
276,C6274,c1c(c2c(cc1)cc1c(ccc3c1ccc1c3ccc3c1cccc3)c2)C#N
277,C6275,c1cc2c(cc1)cc1c(ccc3c1c(cc1c3ccc3c1cccc3)C#N)c2
278,C6276,c1cc2c(cc1)cc1c(ccc3c1cc(c1c3ccc3c1cccc3)C#N)c2
279,C6277,c1cc2c(cc1)cc1c(ccc3c1ccc1c3ccc3c1cc(cc3)C#N)c2
280,C6278,c1cc2c(cc1)cc1c(ccc3c1ccc1c3c(cc3c1cccc3)C#N)c2
281,C6281,c1cc2c(cc1)c1cc3c(cc(c4c3c3c(cccc3)cc4)C#N)cc1cc2
282,C62810,c1cc2c(cc1)c1cc3c(ccc4c3c3c(cccc3)cc4C#N)cc1cc2
283,C6282,c1cc2c(cc1)c1cc3c(c(cc4c3c3c(cccc3)cc4)C#N)cc1cc2
284,C6283,c1cc2c(cc1)c1cc3c(ccc4c3c3c(cccc3)cc4)c(c1cc2)C#N
285,C6284,c1cc2c(cc1)c1cc3c(ccc4c3c3c(cccc3)cc4)cc1c(c2)C#N
286,C6285,c1cc2c(c(c1)C#N)c1cc3c(ccc4c3c3c(cccc3)cc4)cc1cc2
287,C6286,c1cc2c(cc1)c1c(c3c(ccc4c3c3c(cccc3)cc4)cc1cc2)C#N
288,C6287,c1cc2c(cc1)c1cc3c(ccc4c3c3c(cccc3C#N)cc4)cc1cc2
289,C6288,c1cc2c(cc1)c1cc3c(ccc4c3c3c(cc(cc3)C#N)cc4)cc1cc2
290,C6289,c1cc2c(cc1)c1cc3c(ccc4c3c3c(c(ccc3)C#N)cc4)cc1cc2
291,C6291,c1cc2c(cc1)c1c(cc2)c2c(cc1)ccc1c2c(cc2c1cccc2)C#N
292,C6292,c1cc2c(cc1)c1c(cc2)c2c(cc1)ccc1c2cc(c2c1cccc2)C#N
293,C6293,c1cc2c(cc1)c1c(cc2)c2c(cc1)ccc1c2ccc2c1cccc2C#N
294,C6294,c1cc2c(cc1)c1c(cc2)c2c(cc1)ccc1c2ccc2c1c(ccc2)C#N
295,C6295,c1cc2c(cc1)c1c(cc2)c2c(cc1)cc(c1c2ccc2c1cccc2)C#N
296,C6296,c1cc2c(cc1)c1c(cc2)c2c(c(c1)C#N)ccc1c2ccc2c1cccc2
297,C63.1,c12c(cc3c(c1)cc1c(c3)ccc3c1cc1c(c3)cccc1)cc(cc2)C#N
298,C63.10,c12c(c(c3c(c1)cc1c(c3)ccc3c1cc1c(c3)cccc1)C#N)cccc2
299,C63.12,c12c(cc3c(c1)cc1c(c3)ccc3c1cc1c(c3)cc(cc1)C#N)cccc2
300,C63.13,c1cc2c(c3c(cc2cc1)c1cc2cc4ccccc4cc2cc1cc3)C#N
301,C63.14,c12c(cc3c(c1)cc1c(c3)ccc3c1c(c1c(c3)cccc1)C#N)cccc2
302,C6301,c1cc2c(cc1)cc1c(c2C#N)c2c(cccc2)c2c1c1c(cccc1)cc2
303,C6302,c1cc2c(cc1C#N)cc1c(c2)c2c(cccc2)c2c1c1c(cccc1)cc2
304,C6303,c1cc2c(cc1)c(c1c(c2)c2c(cccc2)c2c1c1c(cccc1)cc2)C#N
305,C6304,c1cc2c(cc1)cc1c(c2)c2c(cccc2)c2c1c1c(cccc1C#N)cc2
306,C6305,c1cc2c(cc1)cc1c(c2)c2c(cccc2)c2c1c1c(cccc1)cc2C#N
307,C6306,c1cc2c(cc1)cc1c(c2)c2c(cccc2)c2c1c1c(c(ccc1)C#N)cc2
308,C6307,c1cc2c(cc1)cc1c(c2)c2c(cccc2)c2c1c1c(cccc1)cc2C#N
309,C6308,c1cc2c(cc1)cc1c(c2)c2c(ccc(c2)C#N)c2c1c1c(cccc1)cc2
310,C6311,c1cc2c(cc1)c1c(cc2)c2c(cc1)c1c(ccc3ccccc13)cc2C#N
311,C63110,c1cc2c(cc1)c1c(cc2C#N)c2c(cc1)c1c(ccc3ccccc13)cc2
312,C6312,c1cc2cc3c(cc2cc1C#N)c1cc2cc4ccccc4cc2cc1cc3
313,C6314,c1cc2cc3c(c(c2cc1)C#N)c1cc2cc4ccccc4cc2cc1cc3
314,C6315,c1cc2c(cc1)c1c(cc2)c2c(cc1)c1c(ccc3c(cccc13)C#N)cc2
315,C6316,c1cc2c(cc1)c1c(cc2)c2c(cc1)c1c(ccc3cc(ccc13)C#N)cc2
316,C6317,c1cc2c(cc1)c1c(cc2)c2c(cc1)c1c(ccc3cccc(c13)C#N)cc2
317,C6318,c1cc2c(cc1)c1c(cc2)c2c(c(c1)C#N)c1c(ccc3ccccc13)cc2
318,C6319,c1c(c2c(cc1)c1c(cc2)c2c(cc1)c1c(ccc3ccccc13)cc2)C#N
319,C6321,c1cc2c(cc1)c1c(c(c2)C#N)c2c(c3ccccc13)c1c(cccc1)cc2
320,C6322,c1cc2c(cc1)c1c(cc2C#N)c2c(c3ccccc13)c1c(cccc1)cc2
321,C6323,c1(cc2c(cc1)c1c(cc2)c2c(c3ccccc13)c1c(cccc1)cc2)C#N
322,C6324,c1cc2c(cc1)c1c(cc2)c2c(c3cccc(c13)C#N)c1c(cccc1)cc2
323,C6325,c1cc2c(cc1)c1c(cc2)c2c(c3ccc(cc13)C#N)c1c(cccc1)cc2
324,C6326,c1c(c2c(cc1)c1c(cc2)c2c(c3ccccc13)c1c(cccc1)cc2)C#N
325,C6327,c1(cc2c(cc1)c1c(cc2)c2c(c3ccccc13)c1c(cccc1)cc2)C#N
326,C6331,c1cc2c(cc1)c1c(cc2C#N)c2c(cccc2)c2c1ccc1ccccc21
327,C63310,c1c(c2c(cc1)c1c(cc2)c2c(cccc2)c2c1ccc1ccccc21)C#N
328,C6332,c1cc2c(cc1)c1c(c(c2)C#N)c2c(cccc2)c2c1ccc1ccccc21
329,C6333,c1cc2c(cc1)c1c(cc2)c2c(ccc(c2)C#N)c2c1ccc1ccccc21
330,C6334,c1cc2c(cc1)c1c(cc2)c2c(cc(cc2)C#N)c2c1ccc1ccccc21
331,C6335,c1cc2c(cc1)c1c(cc2)c2c(c(ccc2)C#N)c2c1ccc1ccccc21
332,C6336,c1cc2c(cc1)c1c(cc2)c2c(cccc2)c2c1ccc1cc(ccc21)C#N
333,C6337,c1cc2c(cc1)c1c(cc2)c2c(cccc2)c2c1ccc1c(cccc21)C#N
334,C6338,c1cc2c(cc1)c1c(cc2)c2c(cccc2)c2c1c(cc1ccccc21)C#N
335,C6339,c1(cc2c(cc1)c1c(cc2)c2c(cccc2)c2c1ccc1ccccc21)C#N
336,C6341,c1cc2c(cc1)c1c(cc2)c2c(cc1)c1c(cc2C#N)c2c(cccc2)cc1
337,C6342,c1cc2c(cc1)c1c(cc2)c2c(cc1)c1c(c(c2)C#N)c2c(cccc2)cc1
338,C6343,c1cc2c(cc1)c1c(cc2C#N)c2c(cc1)c1c(cc2)c2c(cccc2)cc1
339,C6344,c1cc2c(cc1)c1c(cc2)c2c(cc1)c1c(cc2)c2c(cc(cc2)C#N)cc1
340,C6345,c1cc2c(cc1)c1c(cc2)c2c(cc1)c1c(cc2)c2c(cccc2)cc1C#N
341,C6346,c1cc2c(cc1)c1c(cc2)c2c(cc1)c1c(cc2)c2c(ccc(c2)C#N)cc1
342,C6410,c1ccc2c(c1)cc1c(c2C#N)cc2c(c1)c1c(cc2)c2c(cc1)cccc2
343,C6411,c1cc(c2c(c1)cc1c(c2)cc2c(c1)c1c(cc2)c2c(cc1)cccc2)C#N
344,C6412,c1c(cc2c(c1)cc1c(c2)cc2c(c1)c1c(cc2)c2c(cc1)cccc2)C#N
345,C642,c1ccc2c(c1)cc1c(c2)cc2c(c1)c1c(cc2)c2c(c(c1)C#N)cccc2
346,C643,c1ccc2c(c1)cc1c(c2)cc2c(c1)c1c(cc2)c2c(cc1)c(ccc2)C#N
347,C653,c1ccc2c(c1)cc1c(c2)ccc2c1ccc1c2cc2c(c1C#N)cccc2
348,C654,c1ccc2c(c1)cc1c(c2)ccc2c1ccc1c2cc2c(c1)c(ccc2)C#N
349,C656,c1ccc2c(c1)cc1c(c2)ccc2c1ccc1c2cc2c(c1)cc(cc2)C#N
350,C661,c1cc2c(cc1)c1cc3c(c4c(ccc5ccccc45)cc3cc1cc2)C#N
351,C664,c1cc2c(cc1)c1cc3cc4c(ccc5cc(ccc45)C#N)cc3cc1cc2
352,C666,c1cc2c(cc1)c1cc3cc4c(cc(c5ccccc45)C#N)cc3cc1cc2
353,C667,c1cc2c(cc1)c1cc3cc4c(c(cc5ccccc45)C#N)cc3cc1cc2
354,C668,c1cc2c(cc1)c1cc3cc4c(ccc5ccccc45)c(c3cc1cc2)C#N
355,C6710,c1cc2c(cc1)c1c(cc2)c2c(cc1)cc1c(cc3ccccc3c1c2)C#N
356,C6711,c1cc2c(cc1)c1c(cc2)c2c(cc1)cc1cc(c3ccccc3c1c2)C#N
357,C6713,c1cc2c(cc1)c1c(cc2)c2c(cc1)cc1ccc3cc(ccc3c1c2)C#N
358,C6716,c1cc2c(cc1)c1c(cc2)c2c(cc1)cc1ccc3ccccc3c1c2C#N
359,C674,c1(cc2c(cc1)c1c(cc2)c2c(cc1)cc1ccc3ccccc3c1c2)C#N
360,C677,c1cc2c(cc1)c1c(cc2)c2c(cc1C#N)cc1ccc3ccccc3c1c2
361,C678,c1cc2c(cc1)c1c(cc2)c2c(c(c1)C#N)cc1ccc3ccccc3c1c2
362,C679,c1cc2c(cc1)c1c(cc2)c2c(cc1)c(c1ccc3ccccc3c1c2)C#N
363,C681,c1cc2cc3c(cc2cc1)c1c(c(c3)C#N)c2c(ccc3ccccc23)cc1
364,C683,c1cc2c(c3c(cc2cc1)c1c(cc3)c2c(ccc3ccccc23)cc1)C#N
365,C684,c1c(c2cc3c(cc2cc1)c1c(cc3)c2c(ccc3ccccc23)cc1)C#N
366,C685,c1(cc2cc3c(cc2cc1)c1c(cc3)c2c(ccc3ccccc23)cc1)C#N
367,C686,c1cc2cc3c(cc2cc1)c1c(cc3)c2c(c(cc3ccccc23)C#N)cc1
368,C687,c1cc2cc3c(cc2cc1)c1c(cc3)c2c(ccc3cc(ccc23)C#N)cc1
369,C688,c1cc2cc3c(c(c2cc1)C#N)c1c(cc3)c2c(ccc3ccccc23)cc1
370,C691,c1cc2c(c(c1)C#N)c1c(cc2)ccc2c1ccc1c2c2ccccc2cc1
371,C693,c1(cc2c(cc1)c1c(cc2)ccc2c1ccc1c2c2ccccc2cc1)C#N
372,C695,c1cc2c(cc1)c1c(cc2C#N)ccc2c1ccc1c2c2ccccc2cc1
373,C696,c1cc2c(cc1)c1c(c(c2)C#N)ccc2c1ccc1c2c2ccccc2cc1
